{
    "tpm": [
        [0.75,0.5,1],
        [0,1,1],
        [0.75,0.25,1],
        [0.3333333,0.66666667,1],
        [0.6666667,0.66666667,0],
        [0.4,0.8,0.4],
        [0.75,0.5,0.5],
        [0.2,0.4,0.2]
    ],
    "cm": [
        [0,1,1],
        [1,0,1],
        [1,1,0]
    ],
    "state": [0,0,1],
    "labels": ["A","B","C"]
}